surname,count
Smith,32
Scott,29
Martin,29
Walker,28
Brown,26
Yeh,25
Shih,25
Genovese,25
Maclean,24
Wright,24
Wilson,23
White,23
Ma,23
Fanucci,23
Wang,22
Johnson,22
Moore,22
Chu,22
Lu,22
Thompson,21
Mai,21
McGregor,21
Sun,21
Kao,20
Fang,20
Watson,20
Kennedy,20
Hughes,20
Jamieson,20
Young,20
Lo,20
Graham,20
Trevisani,20
Miller,20
Palerma,20
Shen,20
Mitchell,20
Kerr,20
Tuan,19
McKay,19
Wallace,19
Anderson,19
Bergamaschi,19
Ts'ui,19
Pan,19
Crawford,19
H?,19
Pai,19
Wei,19
Gordon,19
McDonald,19
Lung,19
Duncan,19
Ko,19
Cameron,19
Tien,18
Mao,18
Lin,18
Sung,18
Fleming,18
Hsia,18
Ross,18
T'ien,18
King,18
Tu,18
He,18
Burns,18
Hill,17
Chung,17
Gibson,17
Findlay,17
Feng,17
Boyle,17
Tang,17
McIntyre,17
Manfrin,17
Hsing,17
Wan,17
Davidson,17
Endrizzi,17
P'eng,17
Cocci,17
Manna,17
Ch'ang,17
Tsao,17
Grant,17
Chiu,17
Shaw,17
Johnston,17
Greco,17
Stevenson,16
Wu,16
Yao,16
Forbes,16
Fu,16
Hsieh,16
Clark,16
Ch'iu,16
Su,16
McKenzie,16
Kung,16
Pisano,16
Robertson,16
Ku,16
Chin,16
Johnstone,16
Trevisano,16
Henderson,16
Ferri,16
Calabresi,16
Hsiung,15
Sinclair,15
Wood,15
Black,15
Cattaneo,15
Taylor,15
Hs?,15
Hamilton,15
Murray,15
Douglas,15
Marshall,15
Lombardo,15
Thomson,15
Ts'ai,15
Teng,15
Allan,15
Hung,15
Mazzanti,15
Tan,14
Williamson,14
L?,14
Chuang,14
Chang,14
Fan,14
Chiang,14
Fraser,14
Pirozzi,14
McMillan,14
Simmons,14
Rossi,14
Capon,14
Meng,14
Sal,14
Boni,14
Hsueh,14
Yen,14
Liang,14
Pinto,14
Chia,14
Kang,14
Sutherland,14
Buccho,14
Fiorentini,14
T'ao,13
Ch'eng,13
Cheng,13
Esposito,13
Mazzi,13
Alexander,13
Pisani,13
Millar,13
Yang,13
Ch'ien,13
Yuan,13
Napolitani,13
Macleod,13
Moss,13
Tsui,13
Gray,13
Calabrese,13
Toscani,13
She,13
Milne,13
Y?,13
Lai,13
Piccio,13
MacDonald,13
Lo Duca,13
Y?an,13
Hunter,13
Ch'in,13
T'ang,13
Niu,13
Dellucci,13
Fiorentino,13
Campbell,13
Donaldson,12
Liu,12
Genovesi,12
Chiemenam,12
K'ung,12
Cremonesi,12
Lettiere,12
Huang,12
Milanesi,12
Trentino,12
Morrison,12
Liao,12
Bellucci,12
Loggia,12
Hao,12
Bruno,12
Muir,12
Russell,12
Lorenzo,12
Tai,12
Lei,12
Arcuri,12
Chao,12
Shao,12
Kelly,12
Ts'ao,12
Palermo,12
Hu,12
Stewart,12
Simpson,12
Beneventi,12
Lucchesi,12
Castiglione,12
Robinson,12
Williams,12
Li,12
Chien,12
Ting,12
Jen,12
Padovesi,12
Toscano,11
Udinese,11
Craig,11
Ferguson,11
Murphy,11
Fallaci,11
Lombardi,11
Longo,11
K?,11
Lori,11
Bell,11
Yin,11
Giordano,11
Marino,11
Han,11
Paterson,11
Davide,11
Chukwuemeka,11
Munro,11
Tao,11
Hsu,11
Ritchie,11
Gallo,11
Pagnotto,11
Christie,11
Folliero,11
Padovano,11
Ho,11
Davis,11
Angelo,11
Milani,11
Li Fonti,11
Zetticci,11
Mancini,11
Lucciano,11
Hou,10
De Luca,10
Ni,10
Carpenter,10
McIntosh,10
Evans,10
Yu,10
Ch'en,10
Olisaemeka,10
Chou,10
Sabbatini,10
Lucchese,10
Tsou,10
Adams,10
Watt,10
Bailey,10
Romani,10
Marcelo,10
Tung,10
Bianchi,10
Jones,10
Cunningham,10
Kuo,10
Woods,10
Clements,9
Udinesi,9
Ricci,9
Cox,9
Nwankwo,9
Jackson,9
Greece,9
Napolitano,9
Sagese,9
Conti,9
Doherty,9
Ferrari,9
Tseng,9
Stephenson,9
Azubuike,9
Iadanza,9
Marchesi,9
Moretti,9
Wall,9
Mackenzie,9
Power,9
Knight,8
DeRose,8
Rizzo,8
Saunders,8
Hunt,8
Page,8
Brookes,8
Docherty,8
Palmer,8
Ball,8
Benson,8
Cartwright,8
Onyemauchechukwu,8
Nicholls,8
Nucci,8
P'an,8
Howells,8
Thomas,8
Chambers,8
Colombo,8
Chukwudi,8
Hudson,8
Reid,8
Aitken,8
Akabueze,8
Walton,8
Vincent,8
Ifeatu,8
Romano,8
Green,8
Barese,8
Costa,8
Hay,8
Milano,8
Chen,8
Bradley,8
Onio,8
Ginikanwa,8
Freeman,8
Lucas,8
Hsiao,8
Rowe,8
Monaldo,8
Obiajulu,7
Chidubem,7
Fuller,7
Hs?eh,7
Chinomso,7
Dickson,7
Dale,7
Iloerika,7
Atkins,7
Barry,7
McLean,7
Mackay,7
Rose,7
Bruce,7
Davison,7
Akobundu,7
Hancock,7
Buckley,7
Chiazagomekpere,7
Nwabugwu,7
Panicucci,7
Mills,7
Kodilinyechukwu,7
Russo,7
Nebechukwu,7
Reilly,7
Obialo,7
Bryant,7
Parry,7
Rowley,7
Peng,7
Chan,7
Carter,7
Nnachetam,7
Burke,7
Lawrence,7
Hargreaves,7
Sanders,7
Onyemere,7
Volkova,7
Long,7
Eluemuno,7
Franklin,7
Baresi,7
Tsai,7
Aksenov,7
Yobanna,7
Webb,7
Trentini,7
Kent,7
Okechukwu,7
Onwumelu,7
Piazza,7
Moran,7
Oluchukwu,7
Hanson,7
Lane,7
Nnaife,7
Parkes,7
Hawkins,7
Nnonso,7
Coates,7
Roberts,7
Chinedum,7
Siciliani,6
Wade,6
Balashov,6
Iroawuchi,6
Goddard,6
Norman,6
Otutodilinna,6
Baker,6
Cross,6
Owens,6
Osonduagwuike,6
Okwudilichukwu,6
Bevan,6
Booth,6
Parsons,6
Ford,6
Allen,6
Vasilyeva,6
Madukwe,6
Olisanugo,6
Alexeeva,6
Coles,6
Blackburn,6
Chiganu,6
Berry,6
Tomlinson,6
Chinwendu,6
Glover,6
Barnes,6
Hardy,6
Storey,6
Siciliano,6
Stevens,6
Zikoranachidimma,6
Pickering,6
Steele,6
Hyde,6
Thorpe,6
Stanley,6
Ugochukwu,6
Nixon,6
Okonkwo,6
Brennan,6
Trevisan,6
Andrews,6
Zito,6
Iweobiegbunam,6
Briggs,6
Mason,6
Ellis,6
Woronoff,6
Onyekaozulu,6
Amaechi,6
Goliwe,6
Todd,6
Myers,6
Chibueze,6
Nebechi,6
Nwebube,6
Holloway,6
Obiuto,6
Uspensky,6
Bates,6
Osborne,6
Somadina,6
West,6
Enyinnaya,6
Giles,6
Townsend,6
Gregory,6
Warner,6
Browne,6
Onwuamaeze,6
Matthews,6
Chienezie,6
Gibbons,6
Anayolisa,6
Okeke,6
Doyle,6
Atkinson,6
Ijendu,6
Wong,6
Archer,5
Warren,5
Norton,5
Law,5
Okwudiliolisa,5
Patterson,5
Ogbonnaya,5
Gilbert,5
Ward,5
Collins,5
Harris,5
Chukwufumnanya,5
Owen,5
Anenechukwu,5
Azikiwe,5
Norris,5
Humphries,5
Chiawuotu,5
Hall,5
Onuchukwu,5
Tretiakova,5
Ngozichukwuka,5
Chiedozie,5
Davies,5
Yobachukwu,5
Kay,5
Butusov,5
Chukwukadibia,5
Phillips,5
Ibezimako,5
Lloyd,5
Onyekachi,5
Dawson,5
Bentley,5
Gorbunov,5
Obidimkpa,5
Ikenna,5
Lamb,5
Nnanna,5
Alexeyeva,5
Abramovich,5
Pope,5
Butler,5
Nnamdi,5
Osinachi,5
Onyemachukwu,5
Conway,5
Nwachukwu,5
Sims,5
Chigozie,5
Porter,5
Gould,5
Dyer,5
Nnamutaezinwa,5
Griffin,5
Chiekwugo,5
Chibugo,5
T'an,5
Ozerova,5
Hayward,5
Arnold,5
Onyeorulu,5
Ojiofor,5
Marsden,5
John,5
Leonard,5
Byrne,5
Powell,5
Parkin,5
Uspenskaya,5
Golubev,5
Nkemjika,5
Dunn,5
Ajuluchukwu,5
Howe,5
Francis,5
Robson,5
Chukwualuka,5
Chapman,5
Akhtar,5
Udegbulam,5
Ndubueze,5
Bray,5
Yobachi,5
Holden,5
Brooks,5
Mellor,5
Fomin,5
Chidozie,5
Welch,5
Caldwell,5
Chiemela,5
Azuka,5
Otutodilichukwu,5
Lord,5
Burgess,5
Perry,5
Pugliesi,5
Hale,5
Okwuadigbo,5
Lewis,5
Watkins,5
O'Donnell,5
Fowler,5
Nkemakolam,5
Matveyeva,5
Gardiner,5
Heath,5
Turnbull,5
Kambinachi,5
Cook,5
North,5
Watts,5
Collier,5
Jideofor,5
Carr,5
Summers,5
Sullivan,5
Savage,5
Nicholson,5
Chizuoke,5
Price,5
Chidimma,5
Reed,5
Lazarev,5
Oliver,5
Tyler,4
Ejimofor,4
Chamberlain,4
Nelson,4
Barber,4
Maslova,4
O'Brien,4
Onochie,4
Ifeanacho,4
Mironova,4
Hansen,4
Chibuzo,4
Potter,4
Chukwueloka,4
Harvey,4
Alekseeva,4
Tucker,4
Willis,4
Lees,4
Morgan,4
Parkhill,4
Butcher,4
Waters,4
Ayers,4
Curtis,4
Bradshaw,4
Golibe,4
Uwaezuoke,4
Lavrentiev,4
Amadi,4
Muravyova,4
Sheppard,4
Chandler,4
Godfrey,4
Chukwuebuka,4
Tobenna,4
Clarke,4
Seleznyov,4
Chidiebere,4
Ingram,4
Talbot,4
Okwukwe,4
Davey,4
Thornton,4
Houghton,4
Hutchinson,4
Udobata,4
Poole,4
Singh,4
Chikelu,4
Zhdanova,4
Skinner,4
Dennis,4
Reynolds,4
Cole,4
Ahmed,4
Finch,4
Iqbal,4
Amechi,4
Nkemdilim,4
Yefremova,4
Vorobyova,4
Kazakova,4
Yudin,4
Rogers,4
Kwemto,4
Dickinson,4
Baxter,4
Korovina,4
Manning,4
Daniels,4
French,4
Omeokachie,4
Egobudike,4
Fedorov,4
Frolov,4
Ukaegbunam,4
Chidiegwu,4
Medvedeva,4
Chimaijem,4
Dolgorukova,4
Kaodilinakachukwu,4
Onyekachukwu,4
Chimezie,4
Day,4
Udegbunam,4
Edwards,4
Yefimova,4
Yermakova,4
Yashina,4
Udokamma,4
Rahman,4
Riley,4
Konovalova,4
Bishop,4
Chineze,4
Chialuka,4
Nkemdirim,4
Yudina,4
Nkemakonam,4
Macdonald,4
Ibekwe,4
Marsh,4
Noble,4
Charlton,4
Ikechukwu,4
Knowles,4
Donnelly,4
Horton,4
Ofodile,4
Gorshkov,4
Gallagher,4
Rapuokwu,4
Garcia,4
Nwachinemelu,4
Hope,4
Chikezie,4
Schiavone,4
Brady,4
Artyomova,4
Hayes,4
Dumetochukwu,4
Quinn,4
Higgins,4
Kemp,4
May,4
Madukaego,4
Henry,4
Mordvinova,4
Ugorji,4
Swift,4
Gill,4
Rice,4
Harrison,4
Bartlett,4
Chizoba,4
Ikemefuna,4
Whitehead,4
Kenenna,4
Austin,4
Korovin,4
Lambert,4
Zakharov,4
Nikitina,4
Banks,4
Jenkins,4
Ozioma,4
Chinweuba,4
Ogochukwu,4
Echezonachukwu,4
Fedorova,4
Chiemezie,4
Vasiliev,4
Dean,4
Yuryeva,4
Chukwuhaenye,4
Chimaraoke,4
Morley,4
Bennett,4
Chidumaga,4
Schofield,4
Chukwubuikem,4
Holt,4
Bird,4
Tochukwu,4
Wilkinson,4
Jibunoh,4
Abbott,4
Vasilyev,4
Chukwukere,4
Jennings,4
James,4
Wyatt,4
Lee,4
Chigolum,4
Odinakachukwu,4
Sanderson,4
Kovalev,3
Kozlova,3
Gorbunova,3
Zubarev,3
Little,3
Chiazagomekpele,3
Diribe,3
Barnett,3
Degtyarev,3
Onwuatuegwu,3
Grave,3
Alexeieva,3
Ugochukwutubelum,3
Baldwin,3
Ebelechukwu,3
Tretyakova,3
Ozuluonye,3
Uvarova,3
Becher,3
Ulyanova,3
Shubin,3
Aleksandrova,3
Pavlova,3
Onuoha,3
Ballard,3
Biryukov,3
Pirogova,3
Ikedinachukwu,3
Madueke,3
Chikwendu,3
Yates,3
Vinogradova,3
Holmes,3
Chikwado,3
Gardner,3
Ashton,3
Yusupova,3
Middleton,3
Nwora,3
Farrell,3
Enemuo,3
Uwakwe,3
Rhodes,3
Pearson,3
Read,3
Becker,3
Sochima,3
Boyd,3
Oluchi,3
Hurst,3
Eberegbulam,3
Chieloka,3
Ifeanyichukwu,3
Perkins,3
Blair,3
Burton,3
Woodward,3
Ibrahimova,3
Bazhenov,3
Bulgakov,3
Carslaw,3
Kirby,3
Ebelegbulam,3
Ndubuagha,3
Yermakov,3
Chijindum,3
Harding,3
Barrett,3
Ignatieff,3
Ugoji,3
Chidiebele,3
Sopuluchukwu,3
Mahmood,3
Farmer,3
Bibi,3
Sopuluchi,3
Terry,3
Chukwumaobim,3
Connolly,3
Miah,3
Kazantseva,3
Frolova,3
Gibbs,3
Uchechukwu,3
Gardener,3
De Salis,3
Nash,3
Isayeva,3
Foster,3
Chinonyelum,3
Chesnokova,3
Blinova,3
Kruglova,3
Hart,3
Kelechi,3
Payne,3
Hammond,3
Kruglov,3
George,3
Obijiaku,3
Stone,3
Soto,3
Otitodilichukwu,3
Howard,3
Ramos,3
Yevseyev,3
Onwughara,3
Schneider,3
Howell,3
Maslov,3
Okagbue,3
Yuriev,3
Chiagoziem,3
Maslow,3
Stephens,3
Walsh,3
Repina,3
Mishina,3
Naylor,3
Kovaleva,3
Hartley,3
Chidi,3
Jarvis,3
Spencer,3
Clayton,3
Mamelu,3
Nepean,3
Sergeyeva,3
Obioma,3
Achebe,3
Avdeeva,3
Olejuru,3
Bowen,3
Chinwenma,3
Anenechi,3
Evdokimov,3
Rogova,3
Evseev,3
Ignatyeva,3
Cherkasova,3
Ositadimma,3
Zaytseva,3
Wallis,3
Chinweike,3
Pokrovsky,3
Nnaemeka,3
Ifeajuna,3
Andrejew,3
Pugh,3
Christian,3
Okwuoma,3
Kanayochukwu,3
Otitodilinna,3
Andreyeva,3
Hollis,3
Galkin,3
Zhirov,3
Chiabuotu,3
Sergeyev,3
Preston,3
Samsonova,3
Hooper,3
Perez,3
Onuora,3
Chinagorom,3
Belov,3
Ponomarev,3
Denisov,3
O'Sullivan,3
Dike,3
Forster,3
Kornilova,3
Chinwemma,3
Okoli,3
Artemiev,3
Chukwujamuike,3
Herbert,3
Mistry,3
Bolton,3
Duffy,3
Artemieva,3
Herrera,3
Bednall,3
Cooper,3
Bull,3
Blake,3
Oguejiofor,3
Nevzorova,3
McElhone,3
Burrows,3
Flynn,3
Barker,3
Onyeoruru,3
McCarthy,3
Anayochukwu,3
Larionova,3
Igwebuike,3
Lynch,3
Sorokina,3
Ndukaku,3
Grigoryeva,3
Ubanwa,3
Onyemauchechi,3
Efremov,3
Onyinyechukwuka,3
Vasilieva,3
Komarova,3
Ignatiev,3
Howarth,3
Sharpe,3
Alekseyeva,3
Ugonna,3
Hussain,3
Alexandrova,3
Esomchi,3
Chimaobim,3
Uchenna,3
Lazareva,3
Sidorov,3
Degtyaryov,3
Khan,3
Dubinina,3
Nebeolisa,2
Fletcher,2
Ives,2
Mahon,2
Rutherford,2
Zuyeva,2
Odili,2
Obiora,2
Short,2
Chiefo,2
Rees,2
Sokolova,2
Schmidt,2
Whitehouse,2
McCartney,2
Geoghegan,2
Trujillo,2
Chigbogu,2
Le Gallienne,2
Gorman,2
Benjamin,2
Beatham,2
Agafonova,2
Gow,2
Cawthorne,2
Gerasimova,2
Adamson,2
Nweke,2
Iweobiegbulam,2
Rivers,2
Bezrukova,2
Mishin,2
Burt,2
Holland,2
Holman,2
Diaz,2
Victor,2
McEwan,2
Yegorova,2
McCulloch,2
Field,2
McClemans,2
Wheeler,2
Daly,2
Woolnough,2
Ulyanov,2
Fyodorov,2
Langdon,2
Chamberlin,2
Ejikemeifeuwa,2
Herz,2
Connor,2
Artemyeva,2
Goloubev,2
Afamefula,2
Afanasyeva,2
Hawes,2
Boag,2
Cooke,2
Efimov,2
Bogolyubov,2
Parry-Okeden,2
Santiago,2
Babbage,2
Ramsden,2
Fyodorova,2
Venables,2
Zikoranachukwudimma,2
Ibeabuchi,2
Lumholtz,2
Seleznev,2
McConnell,2
Andreev,2
Toomey,2
Emery,2
Lysaght,2
Vinogradov,2
Kharlamova,2
Barrera,2
Barclay-Harvey,2
Evseyev,2
Lowe,2
Belonwu,2
Neumann,2
Cruz,2
Kulikova,2
Obielumani,2
Massie,2
Maynard,2
Vaguine,2
Ireland,2
Balashova,2
Singleton,2
Fleetwood-Smith,2
Onwubiko,2
Kalinina,2
Biryukova,2
Solomina,2
Lavrov,2
Uvarov,2
Mbadiwe,2
Lock,2
Fetherstonhaugh,2
Harriman,2
Kwemtochukwu,2
Tokareva,2
Winter,2
Onwuka,2
Estrada,2
Zhdanov,2
Onwuemelie,2
Whitfield,2
Aksyonov,2
Matveyev,2
Izmailova,2
Bowhay,2
Leckie,2
Lavrentyev,2
Duigan,2
Board,2
Chikere,2
Ruiz,2
Heller,2
Somayina,2
Doyne,2
Salier,2
Moon,2
Leach,2
Abazu,2
Ponomaryov,2
Prokhorova,2
Rapuluolisa,2
Nwagugheuzo,2
Monds,2
Barton,2
Sinnett,2
Polyakova,2
Kenechukwu,2
Kudryashova,2
Dodd,2
Ignatyev,2
Vinogradoff,2
Bidwill,2
Tate,2
Sazonova,2
Linger,2
Abdulov,2
Sokolov,2
Hobbs,2
Goodwin,2
Somerville,2
Kazantsev,2
Halpern,2
Gratton,2
Abramowitz,2
Daluchi,2
Randall,2
Walters,2
Seleznyova,2
Martel,2
Maxwell,2
Gilroy,2
Keating,2
Aksyonova,2
Nwoye,2
Torres,2
Maughan,2
De Bernales,2
Sandover,2
Baranov,2
Swanson,2
Chioke,2
Sykes,2
Kirsova,2
Chiebuka,2
Abramova,2
Unwin,2
Horsley,2
Bischof,2
Castro,2
Tokaryev,2
Mazure,2
Kaur,2
Yermolayev,2
Martinez,2
Reeves,2
Ekwueme,2
Elliott,2
Whittaker,2
Fitzgerald,2
Greene,2
Hicks,2
Logan,2
Ozoemena,2
Schnaars,2
William,2
Warlow-Davies,2
Gboliwe,2
Pollard,2
Windsor,2
Lawson,2
Ibeamaka,2
Kosisochukwu,2
Bogdanov,2
Galloway,2
Combes,2
Golubeva,2
Davydova,2
Chukwuma,2
Mann,2
Carroll,2
Gonzalez,2
Iheatu,2
Montalvo,2
Richardson,2
Bazarova,2
Synnot,2
Madison,2
Rozhkova,2
Ifesinachi,2
McFarland,2
Small,2
Loyau,2
Cheatham,2
Burn,2
Dore,2
Winter-Irving,2
Onwudiwe,2
Kovalyova,2
Bezrukov,2
Newton,2
Bateson,2
Skelton,2
Wilkins,2
Hewitt,2
Ermakova,2
Yefremov,2
Kharlamov,2
Akubundu,2
Shah,2
Metcalfe,2
Emenike,2
Parker,2
Cody,2
Jenks,2
Sherman,2
Olsen,2
Golubov,2
Ashbolt,2
Afamefuna,2
Dilke,2
O'Meara,2
Golovanov,2
Philip,2
Nekrasov,2
Bryan,2
Hackett,2
Bage,2
Dobie,2
Gether,2
Avdeyeva,2
Patel,2
Vassiliev,2
Kapustin,2
Madukaife,2
Hovell,2
Artemova,2
Humphreys,2
Macartney,2
Boniwell,2
Hilton,2
Bocharova,2
Belstead,2
Whitworth,2
Elewechi,2
Wisdom,2
Abernathy,2
Ankudinov,2
Nwokike,2
Dalrymple,2
Tikhonov,2
Fields,2
Kryukova,2
Ewing,2
Griffiths,2
Fisk,2
Okorie,2
Harper,2
Faulkner,2
Baranova,2
Chukwujekwu,2
Furneaux,2
Buchi,2
Zuyev,2
Nolan,2
Begum,2
Pearce,2
Buckland,2
Hopkins,2
Dumetolisa,2
Chijioke,2
Jordan,2
Tretiakov,2
Fennell,2
Kaeppel,2
Pratt,2
Kirillova,2
Yevdokimova,2
Sozonov,2
Hammonds,2
Vavilov,2
Krylov,2
McWilliams,2
Artamonova,2
Maggard,2
Rowntree,2
Rivera,2
Wollstonecraft,2
Michael,2
Bogle,2
Nwokeocha,2
Beavers,2
Thurgood,2
Fenton,2
Brownless,2
Nwokezuike,2
Enderby,2
Cavenagh,2
Baryshnikov,2
Kovalyov,2
Golubova,2
Shephard,2
Montgomery,2
Wilhelm,2
Morris,2
Wilder,2
Virgo,2
Bobrov,2
Harker,2
Christmas,2
Garner,2
Iheanacho,2
Pirogov,2
Obinna,2
Barlow,2
Vasin,2
Ekechukwu,2
Aliyeva,2
Eberechukwu,2
Montes,2
Baird,2
Gerasimov,2
Beluchi,2
Sleeman,2
Frewin,1
Mault,1
Huguley,1
Keane,1
Meldrum,1
Esquivel,1
Paten,1
Rieke,1
Ham,1
Yermolayeva,1
Vidal,1
Menkens,1
Royston,1
Dowse,1
Griffen,1
Ponce,1
Garrett,1
Persse,1
Wearing,1
Broadhurst,1
Kentish,1
Le Hunte,1
Slater,1
Sidorova,1
Yelverton,1
Navarrete,1
Gambrell,1
Rechner,1
Batt,1
Rouse,1
Ash,1
Webster,1
Kumm,1
Logue,1
Carey,1
Farber,1
Edments,1
Lennox,1
Everett,1
Palfreyman,1
Lindon,1
Suttor,1
Mosley,1
Pitcher,1
McCollum,1
Cawood,1
Shcherbakov,1
Ruse,1
Kable,1
Klein,1
Mironov,1
Santana,1
Cardell,1
Wynn,1
Laidley,1
Gunter,1
Shipp,1
Munson,1
Wreford,1
Mountgarrett,1
Mullawirraburka,1
Berkeley,1
Sacco,1
Swanton,1
Buda,1
Stanton,1
Chubb,1
Huggins,1
Cowen,1
Hand,1
Hingston,1
Kaleski,1
Jonathan,1
Ramirez,1
Schatz,1
Collee,1
Pennington,1
Ampt,1
Richmond,1
Wagner,1
Nworie,1
Stokes,1
Argyle,1
Ansell,1
Wentcher,1
Cairns,1
Locke,1
Hayes-Williams,1
Streeton,1
Robb,1
Bullen,1
Lambie,1
Corrie,1
Knepper,1
Hernandez,1
Highland,1
Jolly,1
Rapuluchukwu,1
Candler,1
Mullah,1
Rutledge,1
Stirling,1
Etheridge,1
Cyril,1
Bond,1
Sugden,1
Perkin,1
Ochoa,1
Hairston,1
Botts,1
Fink,1
Morehead,1
McNeill,1
Maher,1
Lionel,1
Serena,1
Guidry,1
Maruff,1
Peel,1
Arbour,1
Nebeuwa,1
Beck,1
Siddons,1
Catchpole,1
Salas,1
Beam,1
Gerald,1
Peck,1
Haworth,1
Cummins,1
Laney,1
Messersmith,1
Veale,1
McMinn,1
Worsnop,1
Koger,1
Ogg,1
Wells,1
Schaffer,1
Pomeroy,1
Calzada,1
Belisario,1
Gresswell,1
Eva,1
Aguirre,1
Shoebridge,1
Menhennitt,1
Illingworth,1
Morales,1
Macrossan,1
Mathews,1
Kiernan,1
Korff,1
Moffitt,1
Carandini,1
Weigel,1
Elliot,1
Barnhill,1
Temple,1
Ridley,1
Mayne,1
Macadam,1
Faulk,1
Tychonoff,1
Holbrook,1
Urban,1
McClinton,1
Lascelles,1
Mack,1
Paramor,1
Willoughby,1
Slye,1
Reye,1
Sneddon,1
Purdy,1
Hopetoun,1
Faria,1
Ryan,1
Marquez,1
Bruche,1
Takasuka,1
Kendall,1
Selwyn,1
Benford,1
Ohearn,1
Osorio,1
Vagin,1
Mach,1
MacPherson,1
Parks,1
Michel,1
Edith,1
Lassetter,1
Lajoie,1
Kepley,1
Sargent,1
Schwartz,1
Torode,1
Salinas,1
Kalinin,1
Cleveland,1
Yewen,1
Montague,1
Kashiwagi,1
Aldridge,1
Koch,1
Hull,1
Sturdee,1
Flannagan,1
Lopez,1
Pedder,1
Allnutt,1
Wark,1
Munroe,1
Trumbull,1
Crist,1
Pipes,1
O'Kane,1
Steen,1
Lorimer,1
Dwyer,1
McDowell,1
Winn,1
Nevels,1
Root,1
Ahern,1
Saad,1
Gearheart,1
Corby,1
Pike,1
Cobb,1
Plumb,1
Balsillie,1
Cousens,1
Hartung,1
Rodriguez,1
Sparks,1
Kingsley,1
Gosnell,1
Niehaus,1
Dipietro,1
Gearhart,1
Salmond,1
Priestley,1
Seccombe,1
Rounsevell,1
Stoneman,1
Moody,1
Keldie,1
Defalco,1
Dilibe,1
Wolfe,1
Ogle,1
Greenwood,1
Thynne,1
Chifley,1
Overby,1
Sternberg,1
Eskridge,1
Kershaw,1
Ankudinova,1
Rawling,1
Fullwood,1
Gilleland,1
Enriquez,1
Ibrahimov,1
Claiborne,1
Vanzetti,1
Boone,1
Ingamells,1
Nagy,1
Lehr,1
Rooke,1
Whitelegge,1
Upchurch,1
Marcum,1
Woodhouse,1
Shepherd,1
Toth,1
Hawks,1
Kamdibe,1
Maconochie,1
Arrington,1
Norriss,1
Nicolay,1
Creel,1
Mott,1
Fyans,1
Brownlow,1
Stradford,1
Fokina,1
Boan,1
Topp,1
Burgoyne,1
Eve,1
Lang,1
Gleeson,1
Gebhart,1
Tudawali,1
Gunson,1
Elder,1
Merrett,1
Nazarova,1
Buttenshaw,1
Mackinlay,1
Pauley,1
Goering,1
Marian,1
Tillman,1
Beede,1
Sadlier,1
Algeranoff,1
Perreault,1
Bozeman,1
Jobson,1
Shelby,1
Molineux,1
Coleman,1
Maduabuchim,1
Fane,1
Binder,1
Krischock,1
Duggan,1
Caffyn,1
Dahlenburg,1
Learmonth,1
Olson,1
Andersen,1
Zinachukwudi,1
Torkelson,1
Northern,1
Lindell,1
Copeland,1
Rishel,1
Nieves,1
Burfitt,1
Larkin,1
Aksakova,1
Eddy,1
Sells,1
Hendrick,1
Pagan,1
Fitzpatrick,1
St Clair,1
Lockington,1
Gilchrist,1
Cremin,1
Weston,1
Bayley,1
Groom,1
Bradbury,1
Duke,1
Cambage,1
Bruny,1
Hales,1
Yefimov,1
Levi,1
Sorenson,1
Alvares,1
Marcus,1
Upjohn,1
Vachon,1
Bennetts,1
Cockett,1
Galkina,1
Spears,1
Hardacre,1
Felix,1
Wakelin,1
Remington,1
Combs,1
Bogolyubova,1
Mayrhofer,1
Converse,1
Kosovich,1
Taplin,1
Rippey,1
Garland,1
Burdekin,1
Voronkov,1
De Mestre,1
Levien,1
Begley,1
Mickey,1
Jefferson,1
Olszewski,1
Travis,1
Lappin,1
Hobson,1
Bellasis,1
Pease,1
McBurney,1
O'Callaghan,1
Mundy,1
Donahue,1
Jara,1
Waterhouse,1
Verjus,1
Spaull,1
Voronina,1
Ali,1
Erskine,1
Brookman,1
Franz,1
McLachlan,1
Elmore,1
Morant,1
Pettry,1
Loton,1
Sani,1
Von Doussa,1
Miracle,1
Burtch,1
Ardis,1
Wenz,1
Voronova,1
Durant,1
Kisch,1
Newman,1
Ndubuisi,1
Plummer,1
Trevascus,1
Ershova,1
Voronoff,1
Dietz,1
McDavid,1
Peavy,1
Landor,1
Spinelli,1
Eidson,1
Lavarack,1
Sauve,1
Gomes,1
Lea,1
Gibney,1
Hibbins,1
Foran,1
Wyckoff,1
Hampton,1
Soares,1
Kenechi,1
Wetherspoon,1
Dumolo,1
Chill,1
Runyon,1
Azarov,1
Dobbs,1
Flemming,1
Akudinobi,1
Foveaux,1
Melvin,1
Lowrie,1
Dawkins,1
Sherrod,1
Hajek,1
Drury,1
Bair,1
Mays,1
Hobler,1
Swayne,1
Fennescey,1
Colon,1
Barling,1
Lederer,1
Rita,1
Hankinson,1
Cecil,1
Manners,1
Wynne,1
Dancy,1
Service,1
Disher,1
Woolacott,1
Yocum,1
Tobeolisa,1
Currey,1
Nicholas,1
Barnard,1
Wilkes,1
Allingham,1
Vidler,1
Lorenzen,1
Howell-Price,1
Rowland,1
Harrington,1
Sargood,1
McGuffog,1
Meagher,1
Liardet,1
Pendred,1
Samaniego,1
Afanasyev,1
Brodney,1
Raymond,1
Galgano,1
Molle,1
Brothers,1
Burgos,1
Stelzer,1
Cone,1
Edmondson,1
Earl,1
Quezada,1
Ah Mouy,1
Ilyina,1
Blue,1
Sievier,1
Watterston,1
Butters,1
Weaver,1
Clifton,1
Begg,1
Sandefur,1
Mullen,1
McNaughtan,1
Reagan,1
Bancroft,1
Sousa,1
Welsh,1
Harrell,1
Rubin,1
Band,1
Wardell,1
Crumbley,1
Parrott,1
Birdsall,1
Cayley,1
Whitson,1
Wimble,1
Fermin,1
Fadden,1
Nielson,1
Chuter,1
Zox,1
Landseer,1
Crace,1
Birdseye,1
Pankhurst,1
Czajkowski,1
Packham,1
Bochsa,1
Nero,1
Haddon,1
Downer,1
Slone,1
Dann,1
Hooker,1
Kuykendall,1
Ukaegbulam,1
Lawley,1
Kane,1
Godson,1
Bitter,1
Forlonge,1
Nyhan,1
Reyna,1
Major,1
Asher,1
Tran,1
Otoole,1
Pye,1
Clendinnen,1
Isaacs,1
Langler,1
Aliyev,1
Timperley,1
Amies,1
Christopher,1
Levy,1
Lipton,1
Mactier,1
Kistler,1
Deleon,1
Leason,1
Ramsey,1
Birnie,1
Neitenstein,1
Bufkin,1
Sharwood,1
Kolesnikova,1
Gamble,1
Chifo,1
Fernandez,1
Eipper,1
Quesada,1
Laura,1
Boothby,1
Fairley,1
Bancks,1
Wunder,1
Secombe,1
Jack,1
Burlingame,1
Kesteven,1
Abrego,1
Hendley,1
Hixson,1
Troupe,1
Lafleur,1
O'Loghlin,1
Carruthers,1
Sukhorukova,1
Swinton,1
Milliner,1
Stange,1
Simon,1
Miranda,1
Bruner,1
Loginov,1
Steigrad,1
Levan,1
Rubeo,1
Claypool,1
Hightower,1
Beale,1
Bracewell,1
Walpole,1
Romilly,1
Bales,1
Willmore,1
Mackie,1
Birch,1
Truscott,1
Trejo,1
Rivero,1
Macknight,1
Glossop,1
Leworthy,1
Sarratt,1
McGill,1
Chalmers,1
Pickworth,1
Frederickson,1
Picot,1
Neumayer,1
Knorr,1
Sunderland,1
Gentry,1
Yip,1
Ingle,1
Fontenot,1
Coffey,1
Istomin,1
Peppin,1
Hopman,1
Coombes,1
Earle,1
Bazile,1
Nekrasova,1
Custance,1
Marshall-Hall,1
More,1
Teague,1
McCawley,1
Onyenachiya,1
Lazar,1
Salter,1
Wardle,1
Pape,1
Lilly,1
Medland,1
Denman,1
Dennys,1
Ratten,1
Barnet,1
Hornung,1
Abron,1
Belcher,1
Fernando,1
Ermakov,1
MacDonnell,1
Cantamessa,1
Bromley,1
Nickson,1
Schoenheimer,1
Blackall,1
Highett,1
Dodgshun,1
Rendall,1
Challis,1
Teakle,1
Allardyce,1
Diggs,1
Weatherford,1
Crocker,1
Chong,1
Alvarez,1
Spence,1
Moroney,1
Pokrovskaya,1
Pritchard,1
Rawlings,1
Carvosso,1
Crump,1
Clapp,1
Abdullah,1
McClaran,1
Townsley,1
Mueller,1
Horsfall,1
McKissick,1
McVey,1
Muomelu,1
Sanchez,1
McKinley,1
Lindeman,1
Shubina,1
Caraway,1
Loane,1
Hopwood,1
Geach,1
Burson,1
Charteris,1
Shepherdson,1
Descoteaux,1
Kinder,1
Farnsworth,1
Hargrave,1
Macnamara,1
Sholes,1
Nock,1
Andreyev,1
Baddeley,1
Builder,1
Spitzer,1
Kellway,1
Chiemeka,1
Mashman,1
Serrano,1
Elizabeth,1
Crowther,1
Huie,1
Everingham,1
Whiddon,1
Frost,1
Leak,1
Samoylova,1
Swadling,1
Simpkinson,1
D'Albertis,1
Jose,1
Lamble,1
Bligh,1
Kelley,1
Cisneros,1
Borchgrevink,1
Davila,1
Rocher,1
Foxall,1
Spring,1
Brenan,1
Theus,1
Wiley,1
Ibbott,1
Morey,1
Tipton,1
Chukwuraenye,1
Olague,1
Veltri,1
Swearingen,1
Schroeder,1
Naquin,1
Jensen,1
Macvitie,1
Burgmann,1
Valdez,1
Le Grand,1
Gough,1
Hayden,1
Rolon,1
Medvedev,1
Lindsay,1
Macarthur,1
Macintyre,1
Donoghue,1
Campa,1
Kinlaw,1
Judd,1
Suffolk,1
Wofford,1
Shahan,1
Vogel,1
Morres,1
Ewen,1
Dodds,1
Creswell,1
Coffee,1
McWilliam,1
Longstaff,1
Kirk,1
Justice,1
Drake-Brockman,1
Bunton,1
Hargraves,1
Septimus,1
Zack,1
Praed,1
Laurens,1
Bykov,1
Barbour,1
Honore,1
Flannery,1
Woodard,1
Hardiman,1
Jamison,1
Fancher,1
McGuigan,1
Moen,1
McNeil,1
Steiner,1
Espinosa,1
Sturt,1
Lange,1
Shelton,1
Macgroarty,1
Iloabuchi,1
McCall,1
Landman,1
Larson,1
Ludowici,1
Quinones,1
Swaim,1
Komar,1
Loewenthal,1
Tyndall,1
Quaife,1
Bronner,1
Mendes,1
Kolesnikov,1
Greenhalgh,1
Farrar,1
Keeley,1
Kibby,1
Dreyer,1
Davy,1
Bustard,1
Zhou,1
Hess,1
Pruneda,1
Vial,1
Dufresne,1
Pethard,1
Craigie,1
Innes,1
Goodman,1
Bergman,1
Narelle,1
Henning,1
Fischer,1
Meany,1
Favors,1
Vida,1
Rearick,1
Hammer,1
Ruth,1
McGuirk,1
O'Connor,1
Seppelt,1
Cashin,1
Bidencope,1
Trout,1
Marks,1
Glenny,1
Vanmeter,1
Wayn,1
Frater,1
Sheets,1
Nott,1
MacDevitt,1
Muriel,1
Robe,1
Boulger,1
Musgrove,1
Chukwunonso,1
Nuttall,1
Inman,1
Redding,1
Ainsworth,1
Grimmett,1
Froggatt,1
Cawker,1
Zaitsev,1
Yamamoto,1
Rosas,1
McElyea,1
Cran,1
Aikenhead,1
Moyes,1
Knox,1
Wheare,1
Mbanefo,1
Barclay,1
Streeter,1
Alaniz,1
Ledford,1
O'Toole,1
Gotch,1
Smeaton,1
Matthias,1
Lahti,1
Holder,1
Mikkelsen,1
Lira,1
Krichauff,1
Greathouse,1
Bellew,1
Fox,1
Streeten,1
Speth,1
Gregson,1
Plant,1
Wildman,1
Garnsey,1
Mouzon,1
Beers,1
Kapustina,1
Samson,1
Burgin,1
Gartrell,1
Gallop,1
Collingridge de Tourcey,1
Patrick,1
Melton,1
Fantin,1
Cowger,1
Payton,1
Mackey,1
Muravyov,1
Pham,1
O'Neill,1
Coffman,1
Pino,1
Fontaine,1
Outhwaite,1
Morin,1
Celis,1
Demidov,1
Onyemaechi,1
Distefano,1
Amos,1
Foley,1
Marrero,1
Beach,1
Pardey,1
McEncroe,1
Pokrovskii,1
Wallwork,1
Wilsmore,1
Bowman,1
Bevington,1
Dulhunty,1
Fielding,1
Reppert,1
Morton,1
Moseley,1
Fitch,1
Estes,1
Outlaw,1
Revell,1
Dobson,1
Billson,1
Pendergrass,1
Wentworth-Shields,1
Sumrall,1
Reichard,1
Ferreira,1
Knipe,1
Isayev,1
Lueck,1
Lattimore,1
Selezneva,1
Westerberg,1
Hare,1
Templeman,1
Titus,1
Newbold,1
Oleary,1
Parkinson,1
Kuznetsova,1
Utz,1
Jess,1
Kirkland,1
Wieck,1
Glauert,1
Dunbabin,1
Allard,1
Yuille,1
Heap,1
Gant,1
Beit,1
Buley,1
Postle,1
Bushell,1
McKee,1
Jeffrey,1
Stiger,1
Velazquez,1
Phillipps,1
Yoo,1
Lavine,1
Armstrong,1
Mosman,1
Muldrow,1
Romeo,1
Goforth,1
Bearce,1
Mauldon,1
Walkom,1
Dimauro,1
Rozier,1
Glazkov,1
Pacheco,1
Fiore,1
Ringrose,1
Bagley,1
Glassman,1
Jude,1
Volkov,1
Aleshire,1
Potts,1
Yost,1
Eremenko,1
Taubman,1
Taverner,1
Treacy,1
Bennelong,1
Greeves,1
Forwood,1
Groves,1
Arthur,1
Fernie,1
Culbreth,1
Rickards,1
Stout,1
Vance,1
Chadwick,1
Kline,1
Lampungmeiua,1
Williford,1
Timms,1
Chatfield,1
Fabro,1
Zuev,1
McCaffrey,1
Fulton,1
Zikoranaudodimma,1
Goold,1
Bardin,1
Larsen,1
Ginn,1
David,1
Kenniff,1
Buckner,1
McNess,1
Yusupov,1
Brizendine,1
Wickham,1
Palazzi,1
Buchanan,1
Riggs,1
Hebert,1
Bluett,1
Malloy,1
Ervin,1
McMasters,1
Rischbieth,1
Despeissis,1
Ecuyer,1
Balmain,1
Lawless,1
Demuth,1
Abramov,1
Fitts,1
Samuel,1
Spyer,1
Hazon,1
Souter,1
Ann,1
Wilkie,1
Colman,1
Howarde,1
Northey,1
Mullan,1
Tisdall,1
Fokine,1
Knupp,1
Yeates,1
Thomsen,1
Wertheim,1
Oldham,1
Fisher,1
Elkins,1
Edgar,1
Perrodin,1
Ferdinand,1
Mitchel,1
Maccallum,1
Higinbotham,1
Blakey,1
Wickens,1
Chiwetelu,1
Bledsoe,1
Akeroyd,1
Grubb,1
Stonebraker,1
Mairinger,1
Mirams,1
Alderete,1
Guerra,1
Steinhoff,1
Lynton,1
Gell,1
Muecke,1
Mello,1
Clamp,1
Barwell,1
Kincaid,1
Seabrook,1
O'Loghlen,1
Cary,1
Rohu,1
Landry,1
Newbery,1
Pettit,1
Lim,1
Unaipon,1
Ashley,1
Averyanov,1
Abbie,1
Koehler,1
Avent,1
Alley,1
Outtrim,1
Verco,1
McElroy,1
Standish,1
Pitts,1
Mario,1
Champion,1
Archambault,1
Silva,1
Semmens,1
Rueda,1
Lupton,1
Metcalf,1
Algarin,1
Weber,1
Gadsdon,1
Bremer,1
Avdeev,1
Micco,1
Raynor,1
Nicoll,1
Flores,1
Dyson,1
Sheffield,1
Colbert,1
Castles,1
Allsop,1
Wilding,1
Ruggiero,1
Uren,1
Harewood,1
Demaine,1
Bogdanova,1
Corser,1
McCardle,1
Peacock,1
Kryukov,1
Langlands,1
Linton,1
Renwick,1
Cavill,1
Abel,1
Krawczyk,1
Cartagena,1
Hannah,1
Zotova,1
Onwuamaegbu,1
Radcliffe-Brown,1
Romero,1
Gannon,1
Lujan,1
Arkwookerum,1
Vale,1
Bonwick,1
Moreno,1
Snider,1
Koo,1
Cardus,1
Newland,1
Herrin,1
Kramer,1
Mofflin,1
Hagins,1
Luffman,1
Beggs,1
Titheradge,1
Belbin,1
Grosse,1
Ponomaryova,1
Joseph,1
Brigstocke,1
Maitland,1
Hannam,1
Milligan,1
Ewers,1
Carlson,1
Frederick,1
Phelps,1
Lockett,1
Richards,1
Torreggiani,1
Lockyer,1
Jefferies,1
Stehle,1
Kirwan,1
Royster,1
Howey,1
Shaver,1
Basedow,1
Riddle,1
Winifred,1
McKelvey,1
Szabados,1
Macfarlan,1
Hussey,1
Lay,1
Cohn,1
Coupp,1
Edman,1
Gouger,1
Scannell,1
Ramsbotham,1
Armit,1
Gaffney,1
Stiles,1
Kirillov,1
Rios,1
Clancy,1
Paling,1
Munz,1
Boucaut,1
Edmondstone,1
Rickard,1
Georg,1
Retana,1
Tinline,1
Nnabuife,1
Zotov,1
Plascencia,1
Lovely,1
Corran,1
Bibb,1
Cochran,1
Joshua,1
Daigle,1
Rene,1
Dynon,1
Philipp,1
Lowell,1
Grieve,1
Maurer,1
Gay,1
Muramats,1
Kharitonova,1
Sawtell,1
Dominguez,1
Guerin,1
O'Loughlin,1
Reyes,1
Downie,1
Chase,1
Castillo,1
Tardent,1
Morrice,1
Corones,1
Coburn,1
Feetham,1
McKinnon,1
Campos,1
Alexandrov,1
Aparicio,1
Hodgson,1
Yegorov,1
Cover,1
Clunie,1
Bovee,1
Gratwick,1
Sadler,1
Ross-Watt,1
Bukowski,1
Yancy,1
Glennon,1
Cantrell,1
Raff,1
Liebe,1
Keen,1
Atherton,1
Melendez,1
Floyd,1
Percy,1
Brient,1
Swain,1
Huddart,1
Mead,1
Diehl,1
Hort,1
Cookson,1
Sharp,1
Ryrie,1
Jacka,1
Brewer,1
Bock,1
Kauffmann,1
Shillito,1
Aldrich,1
McCane,1
Belousov,1
Edmund la Touche,1
Michelides,1
Hearn,1
Montemayor,1
Buddicom,1
Corson,1
Panina,1
Armfield,1
Thao,1
Waring,1
Stetson,1
Childs,1
Birk,1
Batty,1
Bromby,1
Hinton,1
Cribb,1
Izuchukwu,1
Trouette,1
Louis,1
Hallahan,1
Bennet,1
Clogstoun,1
Denisova,1
Chester,1
Polyakov,1
Palmerston,1
Herring,1
Shand,1
Alleyne,1
De Garis,1
Pepper,1
Namatjira,1
Lyons,1
Rubensohn,1
Garran,1
Colebatch,1
Voss,1
Miles,1
Hannaford,1
Steere,1
Arnott,1
Kenyon,1
Eames,1
Wanliss,1
Slattery,1
Layh,1
Solomon,1
Shoobridge,1
Newsom,1
Zubareva,1
Ingrassia,1
Kibble,1
Debellis,1
Heydon,1
Leibius,1
Coppin,1
Humffray,1
Frye,1
Rivas,1
Shipton,1
Fulks,1
Neal,1
Joslin,1
Hawdon,1
Hawthorn,1
Winters,1
Chimaoke,1
Meredith,1
Horrocks,1
Bottrill,1
Smalley,1
Sutton,1
Mansom,1
Hodge,1
Jessop,1
Pottinger,1
Greaves,1
Cockrum,1
Jowers,1
Sanford,1
Muse,1
Grover,1
Greenwalt,1
Castella,1
Hoelscher,1
Dillon,1
Lablanc,1
McChesney,1
Brock,1
Henty,1
Blacklock,1
Darling,1
Onodugoadiegbemma,1
Du Cane,1
Yirawala,1
Drake,1
Brazenor,1
Zimmer,1
Connely,1
Fries,1
Beyer,1
Witt,1
Anthony,1
Lanford,1
Light,1
Holmwood,1
Younger,1
Hanna,1
Speight,1
Helena,1
Severson,1
Shearston,1
De Neeve,1
Curnow,1
Windradyne,1
Vigano,1
Randolph,1
Randell,1
Bess,1
Weller,1
Soubeiran,1
Loftus,1
Brim,1
Rioux,1
Laurie,1
Shaffer,1
Aksenova,1
Nakayama,1
Ibragimova,1
Padilla,1
Iredale,1
Chidalu,1
Hoolan,1
Frankland,1
Peyser,1
To Rot,1
Labrador,1
Eiland,1
Corbett,1
Ugonnatubelum,1
Loving,1
Hayslett,1
Congreve,1
Zarate,1
Badgery,1
Tilley,1
Sheehan,1
Blesing,1
Astorga,1
Summerville,1
Serra,1
Matlock,1
Threatt,1
See,1
Compton,1
Hysell,1
Crotty,1
Glasgow,1
Blackwood,1
Dettmann,1
Brierly,1
Senior,1
Dalton,1
Oster,1
Gadsden,1
Monnier,1
Jowett,1
Jerger,1
Pharr,1
Jimenez,1
Haynes,1
Game,1
Hartzler,1
Gidney,1
Garmon,1
Rudd,1
Cullen,1
Dixon,1
Fomina,1
Valenzuela,1
Kegley,1
Micklem,1
Haugh,1
Bateman,1
Hutcheon,1
Bermudez,1
Drakeford,1
Stobie,1
Tennant,1
Mahomed,1
Kilgour,1
Estep,1
Traeger,1
Brabyn,1
Aiken,1
Mollison,1
Vessels,1
Vicars,1
Donaghy,1
McDaniels,1
Angel,1
McGarry,1
Hotchin,1
Phelan,1
McMorran,1
Lenhardt,1
Morphett,1
Efremova,1
Heard,1
Hughes-Jones,1
Lear,1
Moysey,1
Toosey,1
Hickey,1
Horan,1
Darwin,1
Rudduck,1
Liston,1
Boylan,1
Slate,1
Lacross,1
Mort,1
Nina,1
Kinney,1
Cumbrae-Stewart,1
Hirst,1
Hassall,1
Enticknap,1
Odell,1
Real,1
Fishbourne,1
McIver,1
Valentin,1
Izmailov,1
Bold,1
Bonham,1
Poninski,1
Burbidge,1
